year,sales_tax,hotel_tax,infrastructure,community
2020,0.3562489452941488,0.3689423831362619,0.35931559769292026,0.3721376060449418
2021,0.39419354075543894,0.41475311611461124,0.4063909905962951,0.40157543470468005
2022,0.4396486321648549,0.4441314711509051,0.43417129986459285,0.4333000042025913
2023,0.4799730479648257,0.4784615433816849,0.4804859106477211,0.4861371874467748
2024,0.542248185673704,0.5154446220857333,0.5351329143863807,0.5255211829681661
